objectname,objectid,rating,numplays,weight,own,fortrade,want,wanttobuy,wanttoplay,prevowned,preordered,wishlist,wishlistpriority,wishlistcomment,comment,conditiontext,haspartslist,wantpartslist,collid,baverage,average,avgweight,rank,numowned,objecttype,originalname,minplayers,maxplayers,playingtime,maxplaytime,minplaytime,yearpublished,bggrecplayers,bggbestplayers,bggrecagerange,bgglanguagedependence,publisherid,imageid,year,language,other,pricepaid,pp_currency,currvalue,cv_currency,acquisitiondate,acquiredfrom,quantity,privatecomment
"1000 kilometros","590","4","5","0","1","0","0","0","0","0","0","0","","","","","","","23454808","5.59897","5.67723","1.2722","5066","8012","thing","Mille Bornes","2","6","45","45","45","1987","2, 3, 4, 6 ","4","8 and up","Some necessary text - easily memorized or small crib sheet","","","",,"","","","","","","","",""
"4000 A.D.","1435","5","3","0","1","0","0","0","0","0","0","0","","","Never managed to finish a game of it - a very dry game methinks","","","","19009622","5.44681","5.38279","2.25","9816","727","thing","4000 A.D.","2","4","90","90","90","1972","3, 4 ","3","12 and up","No necessary in-game text","","","",,"","","","","","","","",""
"Abalone","526","6","6","0","1","0","0","0","0","0","0","0","","","I like abstracts... they tend to have what makes chess fun, but without the whole chess culture (for better or worse). However, I find abalone quite frustrating for players who like to think. Maybe I just haven't played it enough...","","","","23331566","6.2608","6.44315","2.2566","1106","5167","thing","Abalone","2","2","30","30","30","1987","2 ","2","8 and up","No necessary in-game text","","","",,"","","","","","","","",""
"Alhambra","6249","8.01","5","0","1","0","0","0","0","0","0","0","","","I got this in October 2014, and only got round to playing it in February 2015. However, it did not disappoint!

This game is like Splendor in reverse. Instead of taking chips to buy cards and get points, you take cards to buy chips and get points!

This is old, but is relaxing to play, reasonably strategic, and I'm a sucker for any architectural games!","","","","24214479","6.96971","7.05197","2.1254","301","17885","thing","Alhambra","2","6","60","60","60","2003","2, 3, 4, 5 ","3","8 and up","No necessary in-game text","","","",,"","","","","","","","",""
"Arena Assault: Catfight","88091","3","2","0","1","0","0","0","0","0","0","0","","","","","","","24812804","0","4.5","0","0","3","thing","Arena Assault: Catfight","2","8","5","5","5","2009","","","","","","","",,"","","","","","","","",""
"Arena Assault: Robot War","88092","3","2","0","1","0","0","0","0","0","0","0","","","","","","","24812801","0","5.25","1","0","7","thing","Arena Assault: Robot War","2","8","5","5","5","2009","","","","","","","",,"","","","","","","","",""
"Arimaa","4616","6.5","10","0","1","0","0","0","0","0","0","0","","","They fixed chess? Well yes, but they sucked the ""chess aesthetic"" dry...","","","","24049714","6.17491","7.38911","3.5962","1289","675","thing","Arimaa","2","2","60","60","60","2002","2 ","2","8 and up","No necessary in-game text","","","",,"","","","","","","","",""
"Atlas Adventures","7965","4","4","0","1","0","0","0","0","0","0","0","","","","","","","23454785","0","4.0625","0","0","28","thing","Atlas Adventures","2","4","30","30","30","1996","","","","","","","",,"","","","","","","","",""
"Autobridge","14034","3","1","0","1","0","0","0","0","0","0","0","","","Buy this for the brilliant rulebook - the solitaire game itself isn't worth it, though I quite like the design.","","","","23895036","5.50502","5.59167","3","8391","144","thing","Autobridge","1","1","10","10","10","1938","","","","","","","",,"","","","","","","","",""
"Backgammon","2397","4","1","0","1","0","0","0","0","0","0","0","","","","","","","19010196","6.3853","6.50908","2.0393","894","10048","thing","Backgammon","2","2","30","30","30","-3000","2 ","2","8 and up","No necessary in-game text","","","",,"","","","","","","","",""
"BattleLore (Second Edition)","146439","9","4","0","1","0","0","0","0","0","0","0","","WAITT!!!","Variable battle setups, asymmetrical armies, cardplay, balanced luck... AWESOMENESS!!! With all that, this game couldn't have failed, and it certainly didn't!

I hope to get more plays out of this (due mainly to the cost). However, it certainly did not disappoint. MUAHHAHH!!","","","","24051200","7.29219","8.1839","2.7805","123","2796","thing","BattleLore (Second Edition)","2","2","90","90","90","2013","2 ","2","10 and up","Moderate in-game text - needs crib sheet or paste ups","","","",,"","","","","","","","",""
"Battleship","2425","4","13","0","1","0","0","0","0","0","0","0","","","The only way to consistently win is really psychological.","","","","19009614","4.58073","4.51181","1.2454","10700","5438","thing","Battleship","2","2","30","30","30","1999","2 ","2","6 and up","No necessary in-game text","","","",,"","","","","","","","",""
"Battleship: Hidden Threat","120580","6","4","0","1","0","0","0","0","0","0","0","","","A Pleasant Surprise. I loved Battleship when I was younger, and now I finally have some strategy to work with. Advice: Play with all the cards first time round.","","","","19229617","5.58191","6.07094","1.1053","5541","352","thing","Battleship: Hidden Threat","2","2","15","15","15","2011","2 ","2","6 to 18","No necessary in-game text","","","",,"","","","","","","","",""
"Bingo","7316","4","6","0","1","0","0","0","0","0","0","0","","","It has a ceirtain charm... I must admit
","","","","24128678","3.54942","2.6251","1.0309","10715","620","thing","Bingo","2","2","60","60","60","1530","more than 2 ","more than 2","4 and up","No necessary in-game text","","","",,"","","","","","","","",""
"Bohnanza","11","7.5","8","0","1","0","0","0","0","0","0","0","","","Certainly not as much of a kids game as it looked.","","","","21891480","7.01649","7.09717","1.6786","269","29605","thing","Bohnanza","2","7","45","45","45","1997","3, 4, 5, 6, 7 ","5","8 and up","No necessary in-game text","","","",,"","","","","","","","",""
"BraveRats","112373","7","23","0","1","0","0","0","0","0","0","0","","","","","","","24103861","6.11887","6.71209","1.1429","1434","1352","thing","BraveRats","2","2","5","5","5","2011","2 ","2","8 and up","Some necessary text - easily memorized or small crib sheet","","","",,"","","","","","","","",""
"The Business Game","1920","3","2","0","1","0","0","0","0","0","0","0","","","","","","","24084100","5.55279","5.79563","2.1379","6545","426","thing","The Business Game","2","6","90","90","90","1965","3, 4, 6 ","3, 4","6 and up","Moderate in-game text - needs crib sheet or paste ups","","","",,"","","","","","","","",""
"Ca$h 'n Guns (second edition)","155362","8","5","0","1","0","0","0","0","0","0","0","","","","","","","27563761","6.89539","7.39194","1.2128","357","3731","thing","Ca$h 'n Guns (second edition)","4","8","30","30","30","2014","4, 5, 6, 7, 8 ","6, 7, 8","10 and up","Some necessary text - easily memorized or small crib sheet","","","",,"","","","","","","","",""
"Campaign","1964","4","1","0","1","0","0","0","0","0","0","0","","","","","","","21891464","5.43422","5.4","2.3103","9993","647","thing","Campaign","2","4","120","120","120","1971","2, 3, 4 ","4","10 and up","No necessary in-game text","","","",,"","","","","","","","",""
"Carcassonne","822","7","6","0","1","0","0","0","0","0","0","0","","","Needs Expansions to measure up to more modern games","","","","21891470","7.34649","7.44273","1.9548","108","64687","thing","Carcassonne","2","5","45","45","30","2012","2, 3, 4, 5 ","2","8 and up","No necessary in-game text","","","",,"","","","","","","","",""
"CardFight!! Vanguard","96765","6","2","0","1","0","0","0","0","0","0","0","","","","","","","23454680","5.56446","6.53203","2.8333","6110","113","thing","CardFight!! Vanguard","2","2","0","0","0","2011","2 ","2","8 and up","Some necessary text - easily memorized or small crib sheet","","","",,"","","","","","","","",""
"Cards Against Humanity","50381","1","1","0","0","0","0","0","0","0","0","0","","","A twisted, messed-up, shell of a game. Don't buy it, and if you find it, burn it.","","","","23847635","6.49126","6.68071","1.286","741","11469","thing","Cards Against Humanity","4","30","30","30","30","2009","4, 5, 6, 7, 8, 9, 10, 11, 12 ","6, 7, 8","16 and up","Extensive use of text - massive conversion needed to be playable","","","",,"","","","","","","","",""
"Catan","13","7.5","13","3","1","0","0","0","0","0","0","0","","","On second thoughts: Not the best gateway game as you become addicted to it, and don't want to move onto better games. But, then again, perhaps that isn't such a bad thing after all!","","","","19009635","7.23645","7.36822","2.3749","147","68793","thing","Catan","3","4","90","90","90","1995","3, 4 ","4","8 and up","Some necessary text - easily memorized or small crib sheet","","","",,"","","","","","","","",""
"Catan: 5-6 Player Extension","2807","6.1","1","0","1","0","0","0","0","0","0","0","","","I really don't think this game works well with more than four players.

This expansion is well designed, but not really worth it, in my opinion.","","","","23448406","6.86227","7.0534","2.3535","0","20218","thing","Catan: 5-6 Player Extension","5","6","120","120","120","1996","4, 5, 6 ","5","10 and up","Some necessary text - easily memorized or small crib sheet","","","",,"","","","","","","","",""
"Cavendish","13898","7.5","7","2","1","0","0","0","0","0","0","0","","","The capturing mechanic gives this game a nice edge over gomuku... a hidden treasure of sorts!","","","","19009629","0","6.04545","1.6667","0","29","thing","Cavendish","2","2","0","0","0","1986","","","8 and up","No necessary in-game text","","","",,"","","","","","","","","U"
"Chess","171","7.9","60","4","1","0","0","0","0","0","0","0","","","Games are a way of communicating without speaking - and chess is the westerner's mother tongue!","","","","19009653","6.94792","7.09962","3.751","319","20471","thing","Chess","2","2","60","60","60","1475","2 ","2","6 and up","No necessary in-game text","","","",,"","","","","","","","",""
"ChessWar","21975","5","4","0","1","0","0","0","0","0","0","0","","","Very good chess variant, for those who want to experience a good mini's game cheaply!","","","","24049629","0","6.66667","0","0","4","thing","ChessWar","2","2","20","20","20","1991","","","","","","","",,"","","","","","","","",""
"Chicken Caesar","88513","7","3","0","1","1","0","0","0","0","0","0","","","Kinda felt like we solved it after about 3 games...","","","","21891459","6.03135","6.94787","2.7273","1670","674","thing","Chicken Caesar","3","6","90","90","90","2012","4, 5, 6 ","4","14 and up","No necessary in-game text","","","",,"","","","","","","","",""
"Chop Stix","11317","3","1","0","1","0","0","0","0","0","0","0","","","","","","","24122671","0","4.1","1","0","60","thing","Chop Stix","1","0","20","20","20","2000","","","","","","","",,"","","","","","","","",""
"Citadels","478","8.01","2","0","0","0","0","0","0","0","0","0","","","If you don't want to get assasinated, don't take the obvious choice! I really enjoy this in the line of Coup, Mascarade and possibly the Resistance!","","","","24292594","7.12395","7.20426","2.0635","208","37286","thing","Citadels","2","8","60","60","20","2000","2, 3, 4, 5, 6, 7 ","5","10 and up","Moderate in-game text - needs crib sheet or paste ups","","","",,"","","","","","","","",""
"Cleopatra and the Society of Architects","22141","9","2","3","0","0","0","0","0","0","0","0","","","Love the market, the mechanisms and the guber!

This is, at it's core a card game, coupled with a cool market mechanism, a board component (which isn't superfluous, just not core) and all round good components.

I think this game just rings with me, in the same way Ticket to Ride gels with others.","","","","23847481","6.6565","6.81806","2.2871","549","5989","thing","Cleopatra and the Society of Architects","3","5","60","60","60","2006","3, 4, 5 ","4","10 and up","Some necessary text - easily memorized or small crib sheet","","","",,"","","","","","","","",""
"Cluedo","1294","6","3","0","1","0","0","0","0","0","0","0","","","I played this because I was trying to get all the old games at home played. I must admit, I was pleasantly surprised. It's probably my third favourite oldie (apart from Scrabble and Cribbage), but it's too simplistic/luck based to measure up to the moderns.","","","","23448399","5.55119","5.62484","1.6847","6611","14322","thing","Clue","3","6","45","45","45","1990","3, 4, 5, 6 ","4, 5","8 and up","Some necessary text - easily memorized or small crib sheet","","","",,"","","","","","","","",""
"Cluedo: The Card Game","3269","5","3","2","1","0","0","0","0","0","0","0","","","This is the Battleship: Hidden Threat of Cluedo... A pleasant surprise!","","","","19029557","5.63214","5.87968","1.5556","4363","1135","thing","Clue: The Card Game","3","5","60","60","60","2003","3, 4, 5 ","5","10 and up","Moderate in-game text - needs crib sheet or paste ups","","","",,"","","","","","","","",""
"Coin Age","146130","7","5","0","1","0","0","0","0","0","0","0","","","Sooo portable. bring it everywhere, and punches some nice strategy! Edit: Minus the Strategy","","","","24487809","6.06667","6.48715","1.301","1567","3528","thing","Coin Age","2","2","15","15","15","2013","2 ","2","8 and up","No necessary in-game text","","","",,"","","","","","","","",""
"Coloretto","5782","7.5","2","0","0","0","0","0","0","0","0","0","","","","","","","27095881","6.89241","6.98963","1.2969","359","13142","thing","Coloretto","2","5","30","30","30","2003","2, 3, 4, 5 ","4","6 and up","No necessary in-game text","","","",,"","","","","","","","",""
"Concept","147151","8.51","10","2","1","0","0","0","0","0","0","0","","","At first glance, it might look to the average viewer like just another spin on 20 questions. But really it's more along the lines of games like Hanabi and Dixit.

I really enjoy this game, and it's become a cornerstone of my collection. It's basically a cooperative guessing game, but it makes you think hard about ideas and concepts and how they relate; and that fascinates me!","","","","26269680","6.71411","7.07889","1.4752","480","3559","thing","Concept","4","12","40","40","40","2013","2, 3, 4, 5, 6, 7, 8, 9, 10, 11, 12, more than 12 ","6","10 and up","Extensive use of text - massive conversion needed to be playable","","","",,"","","","","","","","",""
"Condottiere","112","8","2","0","0","0","0","0","0","0","0","0","","","Portable, medium weight games... the archetype of good card games!","","","","23448449","6.5517","6.70054","1.9562","656","5774","thing","Condottiere","2","6","45","45","45","1995","3, 4, 5, 6 ","4, 5","10 and up","No necessary in-game text","","","",,"","","","","","","","",""
"Coppit","1730","4","10","0","1","0","0","0","0","0","0","0","","","A Hidden gem of sorts... I will always have a special place in my heart for Coppit!","","","","23858617","5.31562","4.60152","1.15","10513","296","thing","Trap the Cap","2","6","30","30","30","0","3, 4, 5, 6 ","4, 6","6 and up","No necessary in-game text","","","",,"","","","","","","","",""
"Cribbage","2398","8","5","0","1","0","0","0","0","0","0","0","","","I'd heard good things about Cribbage, and I finally bit the bullet. And boy is this game good! It feels so modern, fast, and fun!!!","","","","24302754","6.79073","6.992","1.918","424","6379","thing","Cribbage","2","4","30","30","30","1630","2, 3, 4 ","2","8 and up","No necessary in-game text","","","",,"","","","","","","","",""
"Cube Quest","137330","8","19","0","1","0","0","0","0","0","0","0","","","This game is simply fun... what more can you ask for??","","","","26793749","6.24327","7.0947","1.1471","1145","1046","thing","Cube Quest","2","2","15","15","15","2013","2, more than 2 ","2","5 and up","No necessary in-game text","","","",,"","","","","","","","",""
"Cyclades","54998","8.5","6","4","0","0","0","0","0","0","0","0","","","We've played this a lot now, and my gaming group tends to really over-think a game. I think this game is beginning to crack, and I hope to get the expansions for a bit of lubrication.

I love the theme, the bidding system, the miniatures, and the board for this game. And it really is Age of Mythology in a box (I'm a big islands guy for AOE).
","","","","20979520","7.3482","7.52771","2.7942","107","8596","thing","Cyclades","2","5","90","90","90","2009","2, 3, 4, 5 ","4, 5","10 and up","No necessary in-game text","","","",,"","","","","","","","",""
"The d6 Shooters","54201","7","4","0","1","0","0","0","0","0","0","0","","","Very thematic, and boy do I love playing poker!","","","","24480410","5.65973","6.62161","1.8929","3930","191","thing","The d6 Shooters","1","1","25","25","25","2009","1 ","1","8 and up","No necessary in-game text","","","",,"","","","","","","","",""
"Delve: The Dice Game","43691","8","13","0","1","0","0","0","0","0","0","0","","","Yatzee multiplied by D&D = Awesome!","","","","24473178","5.80429","6.45194","1.28","2617","429","thing","Delve: The Dice Game","1","1","20","20","20","2009","1 ","1","8 and up","Some necessary text - easily memorized or small crib sheet","","","",,"","","","","","","","",""
"Dice of Arkham","128419","8","4","0","1","0","0","0","0","0","0","0","","","Nice, thematic game that blends in nicely with other Lovecraft games.","","","","24511113","0","6.16667","2.25","0","64","thing","Dice of Arkham","1","1","20","20","20","2012","1 ","(Not best with any number)","12 and up","Some necessary text - easily memorized or small crib sheet","","","",,"","","","","","","","",""
"Dice of the Living Dead","56022","7","1","0","1","0","0","0","0","0","0","0","","","Surprisingly good. I enjoyed this one. Nice system, very thematic, hard to win, and immersive!","","","","24506521","5.55875","6.12937","1.2727","6322","146","thing","Dice of the Living Dead","1","1","15","15","15","2009","1 ","1","","Moderate in-game text - needs crib sheet or paste ups","","","",,"","","","","","","","",""
"Diplomacy","483","3","","0","1","0","0","0","0","0","0","0","","","","","","","23454776","6.90375","7.09236","3.372","349","12491","thing","Diplomacy","2","7","360","360","360","1963","6, 7 ","7","14 and up","No necessary in-game text","","","",,"","","","","","","","",""
"Dixit","39856","8","20","2","1","0","0","0","0","0","0","0","","","It's a little devoid of replayability unless people give clever/thinky clues or you buy tons of expansions.","","","","20979539","7.33497","7.43041","1.2809","112","24667","thing","Dixit","3","6","30","30","30","2008","4, 5, 6, more than 6 ","5, 6","8 and up","No necessary in-game text","","","",,"","","","","","","","",""
"Dixit 3","119657","0","","0","0","0","0","0","0","0","0","1","3","","","","","","26366652","6.92459","7.91808","1.2292","0","2244","thing","Dixit 3","3","6","30","30","30","2012","4, 5, 6, more than 6 ","6","8 and up","No necessary in-game text","","","",,"","","","","","","","",""
"Dobble","63268","7.5","18","0","1","0","0","0","0","0","0","0","","","","","","","26793776","6.6213","6.86979","1.0612","580","4954","thing","Spot it!","2","8","15","15","15","2009","2, 3, 4, 5, 6, 7, 8 ","4, 5","4 and up","No necessary in-game text","","","",,"","","","","","","","",""
"Dominion","36218","9.54","16","2","1","0","0","0","0","0","0","0","","","I love the variation from game to game. Always a fresh set, always a new strategy. The game is fast and fun! I need expansions though :)","","","","20979488","7.70567","7.79012","2.3783","27","51635","thing","Dominion","2","4","30","30","30","2008","2, 3, 4 ","3","10 and up","Moderate in-game text - needs crib sheet or paste ups","","","",,"","","","","","","","",""
"Dominion: Intrigue","40834","0","","0","0","0","0","0","0","0","0","1","4","","","","","","27129438","7.75485","7.86841","2.4422","20","24857","thing","Dominion: Intrigue","2","4","30","30","30","2009","2, 3, 4 ","3","10 and up","Moderate in-game text - needs crib sheet or paste ups","","","",,"","","","","","","","",""
"Dominoes","2394","4","8","0","1","0","0","0","0","0","0","0","","","","","","","23448483","5.40722","5.43201","1.4215","10217","5873","thing","Dominoes","2","10","30","30","30","1500","2, 3, 4, 5 ","4","5 and up","No necessary in-game text","","","",,"","","","","","","","",""
"Draughts","2083","4","8","0","1","0","0","0","0","0","0","0","","","","","","","23448465","4.8956","4.84957","1.7974","10677","4762","thing","Checkers","2","2","30","30","30","1150","2 ","2","5 and up","No necessary in-game text","","","",,"","","","","","","","",""
"duck! duck! Go!","35964","4","5","0","1","0","0","0","0","0","0","0","","","Deceptively okay, but still rather silly!","","","","21891517","5.78236","6.06395","1.6438","2752","883","thing","duck! duck! Go!","2","6","20","20","20","2008","2, 3, 4, 5, 6 ","5","6 and up","No necessary in-game text","","","",,"","","","","","","","",""
"Electronic Master Mind","6906","7","18","4","1","0","0","0","0","0","0","0","","","Love the Hanabi-style deduction. Only ever played it solitaire though, and see no reason to do otherwise...","","","","19009616","0","5.36364","3","0","27","thing","Electronic Master Mind","1","4","20","20","20","1978","","","","","","","",,"","","","","","","","",""
"Endless Nightmare","148450","8.5","7","0","1","0","0","0","0","0","0","0","","","Fits the theme. Very repayable. Immersive. Good game!","","","","24543384","0","6.875","1.25","0","25","thing","Endless Nightmare","1","1","10","10","10","2013","1 ","1","","No necessary in-game text","","","",,"","","","","","","","",""
"Enki-Des:  The Soul Gates","103749","8","3","0","1","0","0","0","0","0","0","0","","","Thematic game with cool innovate mechanisms!","","","","24521975","0","6.18182","1","0","24","thing","Enki-Des:  The Soul Gates","1","1","10","10","10","2011","","","","","","","",,"","","","","","","","",""
"Ergo","2198","8","20","2","1","0","0","0","0","0","0","0","","","One of my favourite abstract strategy games. It has a certain charm (in the similar way to chess) Has a lot more to it than a simple 5 in a row game.","","","","19004979","5.52213","5.98163","1.8571","7755","132","thing","Ergo","2","2","30","30","30","1977","2 ","2","8 and up","No necessary in-game text","","","",,"","","","","","","","",""
"Ergo","55279","7.5","4","0","1","0","0","0","0","0","0","0","","","A bit of a headache - but I enjoy philosophy and logic and all - this forms a nice parallel!","","","","23446683","5.50309","5.64426","3.5385","8453","324","thing","Ergo","2","4","45","45","30","2009","2, 3, 4 ","4","","No necessary in-game text","","","",,"","","","","","","","",""
"Escape from Colditz Castle","5742","4","5","0","1","0","0","0","0","0","0","0","","","","","","","23833824","5.46229","4.80303","1.5","9532","46","thing","Escape from Colditz Castle","2","4","60","60","60","1972","","","","","","","",,"","","","","","","","",""
"Escape: The Curse of the Temple","113294","8.8","29","2","1","0","0","0","0","0","0","0","","","Yeah, your heartbeat goes a little nuts playing this game, and eventually you get too good for it, but it's a lot of fun. It really demonstrates cooperative games a lot (and the importance of not cheating for actually challenging yourself and having fun).

This game hasn't come out in a while, but that's mainly because my collection of good games is over 100 now. The curses expansion increases the difficulty in a fun way. Highly recommended!","","","","21891492","7.03893","7.19079","1.4707","257","9550","thing","Escape: The Curse of the Temple","1","5","10","10","10","2012","1, 2, 3, 4, 5 ","4","8 and up","No necessary in-game text","","","",,"","","","","","","","",""
"Evo","1159","8","1","0","0","0","0","0","0","0","0","0","","","I like the theme, the bidding mechanic is nice, but I think one can feel the age of this one. A nice game :)","","","","27095870","6.71105","6.92093","2.3364","486","3430","thing","Evo","3","5","60","60","60","2001","3, 4, 5 ","4, 5","8 and up","Moderate in-game text - needs crib sheet or paste ups","","","",,"","","","","","","","",""
"Family Fluxx","17816","2","3","0","1","0","0","0","0","0","0","0","","","Feels a bit shallow. Never played original fluxx. wouldn't have picked it up for more than a quid, but it was 20 pence. so...","","","","21946880","5.64395","5.83016","1.2281","4160","1182","thing","Family Fluxx","2","6","15","15","15","2005","3, 4, 5, 6 ","5","6 and up","Moderate in-game text - needs crib sheet or paste ups","","","",,"","","","","","","","",""
"FlowerFall","125315","7","4","0","1","0","0","0","0","0","0","0","","","Fun - best played on high staircases!","","","","23448514","5.81364","6.21798","1.0571","2555","822","thing","FlowerFall","2","7","10","10","10","2012","2, 3, 4, 5, 6 ","4","6 and up","No necessary in-game text","","","",,"","","","","","","","",""
"Forbidden Island","65244","5.5","7","0","1","0","0","0","0","0","0","0","","","Over-rated, methinks...","","","","21891488","6.84225","6.92836","1.7413","385","25950","thing","Forbidden Island","2","4","30","30","30","2010","1, 2, 3, 4 ","4","8 and up","Some necessary text - easily memorized or small crib sheet","","","",,"","","","","","","","",""
"Formula Motor Racing","635","7","1","0","0","0","0","0","0","0","0","0","","","Fun and quick Knizia game. I haven't yet found a Knizia I don't enjoy!","","","","24394147","6.11311","6.37885","1.1804","1444","1750","thing","Formula Motor Racing","3","6","20","20","20","1995","3, 4, 5, 6 ","6","8 and up","Some necessary text - easily memorized or small crib sheet","","","",,"","","","","","","","",""
"Four in a Row","2719","2","6","0","0","0","0","0","0","0","0","0","","","Frustrating even before I discovered it was solved!","","","","24056196","4.87982","4.81455","1.2251","10680","3888","thing","Connect Four","2","2","10","10","10","1974","2 ","2","4 and up","No necessary in-game text","","","",,"","","","","","","","",""
"Frame It!","614","5.5","12","0","1","0","0","0","0","0","0","0","","","Really fast fun. Good dexterity game. I certainly recommend it!","","","","23454788","5.564","5.81013","1.25","6122","358","thing","Square Up!","2","2","5","5","5","2005","2 ","2","6 and up","","","","",,"","","","","","","","",""
"Friday","43570","8","17","0","1","0","0","0","0","0","0","0","","","Fantastic deck building solitaire game. Very difficult (perhaps as much as the Robinson Crusoe co-op) but really fun/addictive. However, it is a solitaire game, and as that I would only play it if there are no others to play with! A solid 8, highly recommended!","","","","23322193","7.06326","7.29941","2.1377","240","7981","thing","Friday","1","1","25","25","25","2011","1 ","1","10 and up","Some necessary text - easily memorized or small crib sheet","","","",,"","","","","","","","",""
"Frustration!","1410","1","6","0","1","0","0","0","0","0","0","0","","","Aptly named...","","","","24056181","4.17411","3.70237","1.0591","10710","1863","thing","Trouble","2","4","45","45","45","1965","2, 3, 4 ","4","5 to 12","No necessary in-game text","","","",,"","","","","","","","",""
"Galaxy Trucker","31481","8","2","0","0","0","0","0","0","0","0","0","","","I don't care about the second phase... building your own space-ship is just too fun!","","","","23853073","7.42223","7.51787","2.3022","78","14740","thing","Galaxy Trucker","2","4","60","60","60","2007","2, 3, 4 ","4","10 and up","Some necessary text - easily memorized or small crib sheet","","","",,"","","","","","","","",""
"The Game of Life","2921","3","4","2","1","0","0","0","0","0","0","0","","","C'est la vie","","","","19000815","4.12384","4.03688","1.2057","10711","6897","thing","The Game of Life","2","6","60","60","60","1960","3, 4, 5, 6 ","4","6 to 12","Moderate in-game text - needs crib sheet or paste ups","","","",,"","","","","","","","",""
"Go","188","10","52","5","1","0","0","0","0","0","0","0","","","This game is really deep, and quite unlike the game it's normally compared to: chess. Yet, although patterns are very important in this game, there is still a much deeper degree of straight up move by move reasoning.

The thing that makes Go so good is it's elegance, and it's natural focus on personal improvement as opposed to simply playing to win. This is, and will probably long remain, my favourite game of all time.","","","","19005025","7.47793","7.72018","3.9468","62","12146","thing","Go","2","2","90","90","90","-2200","2 ","2","5 and up","No necessary in-game text","","","",,"","","","","","","","",""
"El Grande","93","8","4","0","1","0","0","0","0","0","0","0","","","Without expansions, I must admit that I found it rather simple. However, I would like to give it a shot with some more experienced players.","","","","21891489","7.73075","7.84113","3.0956","23","15104","thing","El Grande","2","5","90","90","90","1995","3, 4, 5 ","5","12 and up","Moderate in-game text - needs crib sheet or paste ups","","","",,"","","","","","","","",""
"Grunts","162640","8","8","0","1","0","0","0","0","0","0","0","","","Fast, dice-rolling fun!","","","","24532705","0","6.1875","1","0","11","thing","Grunts","1","1","15","15","15","2014","1 ","1","","","","","",,"","","","","","","","",""
"Hanabi","98778","9.52","20","2","1","0","0","0","0","0","0","0","","","A small, elegant and thinky co-op. Winning this game is all about really knowing your group, knowing how to communicate and co-operate well.

The inbuilt rainbow expansion deepens the game. For extra challenge, I think the game is harder with less players. To be honest, I think I'm just a sucker for elegant games!","","","","20979863","7.27639","7.38253","1.6812","133","19972","thing","Hanabi","2","5","25","25","25","2010","2, 3, 4, 5 ","4","10 and up","No necessary in-game text","","","",,"","","","","","","","",""
"Hanafuda","5451","0","","0","1","0","0","0","0","0","0","0","","","I love the cards and the culture behind this game. perhaps when I finally understand how Koi-Koi works, I will enjoy it even more!","","","","26269679","5.87967","6.63724","1.7037","2223","818","thing","Hanafuda","2","7","60","60","60","1701","2, 3, 4 ","2","8 to 10","No necessary in-game text","","","",,"","","","","","","","",""
"HeroQuest","699","5","7","0","1","0","0","0","0","0","0","0","","","Over-rated... nostalga!","","","","19010202","6.71431","6.95522","2.1775","479","9512","thing","HeroQuest","2","5","90","90","90","1989","2, 3, 4, 5 ","5","8 and up","Extensive use of text - massive conversion needed to be playable","","","",,"","","","","","","","",""
"Hey, That's My Fish!","8203","0","6","0","0","0","0","0","0","0","0","0","","","","","","","27626965","6.76179","6.83906","1.4715","443","13999","thing","Hey, That's My Fish!","2","4","20","20","20","2003","2, 3, 4 ","3","6 and up","No necessary in-game text","","","",,"","","","","","","","",""
"Highland Clans","16500","7.5","1","0","0","0","0","0","0","0","0","0","","","","","","","26873696","5.54313","5.67964","2.1111","6915","824","thing","Highland Clans","3","5","45","45","45","2005","3, 4, 5 ","(Not best with any number)","10 and up","No necessary in-game text","","","",,"","","","","","","","",""
"The Hobbit: The Defeat of the Evil Dragon Smaug","2456","6","","0","0","0","0","0","0","0","0","0","","","","","","","23847490","5.07693","4.7846","1.3333","10654","1673","thing","The Hobbit: The Defeat of Smaug","2","6","30","30","30","2001","2, 3, 4, 5 ","(Not best with any number)","6 to 12","Extensive use of text - massive conversion needed to be playable","","","",,"","","","","","","","",""
"Incan Gold","37759","7.5","5","0","1","0","0","0","0","0","0","0","","","","","","","26269678","6.69422","6.84334","1.1538","506","6855","thing","Incan Gold","3","8","20","20","20","2006","3, 4, 5, 6, 7, 8 ","5, 6","6 and up","No necessary in-game text","","","",,"","","","","","","","",""
"Jaipur","54043","8.5","6","0","1","0","0","0","0","0","0","0","","","Lovely fast 2 player game. It's a lot more interactive than lost Cities. in fact, I think it's a good complementary game to Lost Cities. The components are lovely, and the artwork is very pleasing. CAMELS!!! :D","","","","26269688","7.36282","7.52302","1.5942","98","11350","thing","Jaipur","2","2","30","30","30","2009","2 ","2","8 and up","No necessary in-game text","","","",,"","","","","","","","",""
"Jamaica","28023","7.5","5","0","1","0","0","0","0","0","0","0","","","A Racing Game, Done Right","","","","21891513","6.86894","7.05805","1.6688","369","7042","thing","Jamaica","2","6","45","45","45","2007","3, 4, 5, 6 ","6","8 and up","No necessary in-game text","","","",,"","","","","","","","",""
"Jenga","2452","3","6","0","1","0","0","0","0","0","0","0","","","","","","","23454804","5.47056","5.51596","1.1306","9348","7512","thing","Jenga","2","8","20","20","20","1983","2, 3, 4, 5, 6 ","2, 4","5 and up","No necessary in-game text","","","",,"","","","","","","","",""
"Jungle","4031","4","15","0","1","0","0","0","0","0","0","0","","","An elegant chess'n'Stratego variant. It feels a bit like Chinese chess, but without the half-finished theming!","","","","23449234","5.5739","5.91754","1.8485","5793","327","thing","Dou Shou Qi","2","2","20","20","20","0","2 ","2","6 and up","No necessary in-game text","","","",,"","","","","","","","",""
"Kemet","127023","0","","0","0","0","0","0","0","0","0","1","3","","","","","","26314161","7.46628","7.79311","2.8882","64","5775","thing","Kemet","2","5","60","60","60","2012","2, 3, 4, 5 ","5","12 and up","No necessary in-game text","","","",,"","","","","","","","",""
"King of Tokyo","70323","8.5","4","2","0","0","0","0","0","0","0","0","","","Don't over-think this one, just sit back and have fun. Amerithrash at it's best. I think the yahtzee mechanic is very good, and the special powers.

I find this game very comparable to Smash Up, and with the asymetrical expansions, it really starts to sing! MONSTERS... DICE... POWEEERRR!!!!!!","","","","23448359","7.35539","7.44933","1.4941","104","29108","thing","King of Tokyo","2","6","30","30","30","2011","3, 4, 5, 6 ","4, 5","6 and up","Moderate in-game text - needs crib sheet or paste ups","","","",,"","","","","","","","",""
"Lord of the Rings","823","7","1","0","0","0","0","0","0","0","0","0","","","Nice and thematic. One of Reiner Knizia's few. Theme wise, it feels very similar to the new LOTR card game (Gandalf is very similar).

However, you can really feel the age of this game. The rules are simplistic... it just doesn't feel modern. I can't explain it, a good game, but you can feel the age.","","","","26987010","6.72619","6.82679","2.5781","471","14863","thing","Lord of the Rings","2","5","60","60","60","2000","1, 2, 3, 4, 5 ","4","10 and up","Moderate in-game text - needs crib sheet or paste ups","","","",,"","","","","","","","",""
"The Lord of the Rings: The Card Game","77423","9","12","4","1","0","0","0","0","0","0","0","","","A very deep, strategic and fun co-operative. I really admire how FFG makes such immersive, thematic, card games. 

A hell of a challenge, and perfect if you have a friend who likes strategy but not personal conflict - in this game you'll both lose instead!","","","","23448328","7.45193","7.6487","3.0489","67","15890","thing","The Lord of the Rings: The Card Game","1","2","60","60","60","2011","1, 2, more than 2 ","2","12 and up","Extensive use of text - massive conversion needed to be playable","","","",,"","","","","","","","",""
"Lords of Waterdeep","110327","0","1","0","0","0","0","0","0","0","0","1","3","","","","","","27137898","7.70037","7.82364","2.5174","28","20889","thing","Lords of Waterdeep","2","5","60","60","60","2012","2, 3, 4, 5 ","3, 4","10 and up","Moderate in-game text - needs crib sheet or paste ups","","","",,"","","","","","","","",""
"Lost Cities","50","8","29","0","1","0","0","0","0","0","0","0","","","Relaxing to play... not aggressive but still interactive... sharpens up your maths in the scoring too!","","","","21193212","7.03787","7.11995","1.5244","259","24727","thing","Lost Cities","2","2","30","30","30","1999","2 ","2","8 and up","No necessary in-game text","","","",,"","","","","","","","",""
"Love Letter","129622","8","39","0","1","0","0","0","0","0","0","0","","","It's intriguing me to the world of micro-games. Quick game but very addictive!","","","","21891478","7.3737","7.46412","1.2114","95","33708","thing","Love Letter","2","4","20","20","20","2012","3, 4 ","4","8 and up","Some necessary text - easily memorized or small crib sheet","","","",,"","","","","","","","",""
"Magic: The Gathering","463","7.5","23","3","1","0","0","0","0","0","0","0","","","The modern Magic is very nicely balanced and themed - I like the way the decks/factions really imitate the qualities that they are associated with - very clever design!","","","","23285604","7.30348","7.43273","3.1271","119","19073","thing","Magic: The Gathering","2","2","20","20","20","1993","2, more than 2 ","2","12 and up","Unplayable in another language","","","",,"","","","","","","","",""
"Mahjong","2093","0","","0","1","0","0","0","0","0","0","0","","","I love the clacking of the pieces... The appeal of this game (so far) is mostly aesthetic (in a good way).","","","","27155206","6.78704","7.04117","2.5511","426","5562","thing","Mahjong","3","4","120","120","120","1850","4 ","4","10 and up","No necessary in-game text","","","",,"","","","","","","","",""
"Mancala","2448","5","1","0","0","0","0","0","0","0","0","0","","","A lovely mathematical game... :)","","","","23448498","5.75486","5.84085","1.6724","2941","5732","thing","Mancala","2","2","10","10","10","1944","2 ","2","5 and up","No necessary in-game text","","","",,"","","","","","","","",""
"Mansions of Madness","83330","8","2","4","0","0","0","0","0","0","0","0","","","There's something about Lovecraft that almost makes winning feel wrong...!","","","","23847617","7.2523","7.47256","3.2138","145","11452","thing","Mansions of Madness","2","5","120","120","120","2011","2, 3, 4, 5 ","5","14 and up","Extensive use of text - massive conversion needed to be playable","","","",,"","","","","","","","",""
"Marienkäfer und so","109937","7","4","0","1","0","0","0","0","0","0","0","","","Fun little card game - learn the names of the insects, and challenge your memory and recognition skills - much better than snap, and a very clever design!","","","","23448529","0","6.4","2","0","23","thing","Marienkäfer und so","2","6","15","15","15","2011","","","","","","","",,"","","","","","","","",""
"Mascarade","139030","8.1","5","0","1","0","0","0","0","0","0","0","","","Absolutely beautiful artwork. Nice lower middle-weight party game, for a slightly more gamer crowd than your standard party game.","","","","24963457","6.62838","6.86296","1.5523","569","5333","thing","Mascarade","2","13","30","30","30","2013","5, 6, 7, 8, 9, 10, 11, 12, 13 ","7, 8","8 and up","No necessary in-game text","","","",,"","","","","","","","",""
"Memoir '44","10630","8","3","0","1","0","0","0","0","0","0","0","","","Personally, I prefer battlelore to this, but for what it is, this is a nice light fast wargame, with a good historic flavour.

To be fair, one can feel the age of this, and I think it's in need of expansions. However, the inserts, components and rules of the game are really polished (as a result??).","","","","26269686","7.40569","7.52689","2.2679","83","18563","thing","Memoir '44","2","2","60","60","60","2004","2, more than 2 ","2","8 and up","Moderate in-game text - needs crib sheet or paste ups","","","",,"","","","","","","","",""
"Mexica","2955","7","1","0","0","0","0","0","0","0","0","0","","","","","","","23847513","6.71186","7.05603","2.757","484","3239","thing","Mexica","2","4","90","90","90","2002","2, 3, 4 ","3, 4","10 and up","No necessary in-game text","","","",,"","","","","","","","",""
"Mhing","1452","5","2","4","0","0","0","0","0","1","0","0","","","","","","","19056484","5.96943","6.59758","2.129","1883","1171","thing","Mhing","2","6","60","60","60","1982","2, 3, 4, 5 ","4","10 and up","No necessary in-game text","","","",,"","","","","","","","",""
"Monopoly","1406","4","13","0","1","0","0","0","0","0","0","0","","","You gotta love Monopoly! I sympathise with those who say it's not as bad as all that - you just gotta play it right!","","","","23448390","4.40293","4.46411","1.6879","10706","17597","thing","Monopoly","2","8","180","180","180","1972","3, 4, 5, 6 ","4","8 and up","Moderate in-game text - needs crib sheet or paste ups","","","",,"","","","","","","","",""
"Monopoly Junior","5339","2","7","0","1","0","0","0","0","0","0","0","","","A nice little game... but not much game... nice for kids... but not for long... ","","","","23454781","4.80892","4.1882","1.1667","10689","1005","thing","Monopoly Junior","2","4","45","45","45","2003","2, 3, 4 ","3, 4","5 to 8","Some necessary text - easily memorized or small crib sheet","","","",,"","","","","","","","",""
"Monopoly: Magnetic Pocket Edition","42149","3","","0","1","0","0","0","0","0","0","0","","","","","","","19120666","0","5.22222","0","0","30","thing","Monopoly: Magnetic Pocket Edition","2","6","120","120","120","1991","","","","","","","",,"","","","","","","","",""
"Monopoly: The Mega Edition","24764","3","3","0","1","0","0","0","0","0","0","0","","","This game made me beg for monopoly again","","","","19000822","5.63033","6.15464","2.2609","4394","428","thing","Monopoly: The Mega Edition","2","8","90","90","90","2006","4, 5, 6, 7 ","4","3 and up","Some necessary text - easily memorized or small crib sheet","","","",,"","","","","","","","",""
"Mouse Trap","2679","3","1","0","0","0","0","0","0","0","0","0","","","","","","","24056189","4.44809","4.09286","1.1138","10703","1804","thing","Mouse Trap","2","4","30","30","30","1963","2, 3, 4 ","3, 4","5 to 10","Some necessary text - easily memorized or small crib sheet","","","",,"","","","","","","","",""
"Munchkin","1927","6","1","0","0","0","0","0","0","0","0","0","","","","","","","24251553","5.887","6.04761","1.7775","2193","31277","thing","Munchkin","3","6","90","90","90","2001","3, 4, 5, 6 ","4","12 and up","Extensive use of text - massive conversion needed to be playable","","","",,"","","","","","","","",""
"The Mysteries of Peking","1950","5","6","3","1","0","0","0","0","0","0","0","","","It's like cluedo, but with a lot more theme. Colourful, and rather fun to play with (6-8) children without rules modifications.","","","","19009596","5.51638","5.56138","1.2958","7976","801","thing","The Mysteries of Peking","2","6","30","30","30","1988","4, 5, 6 ","5, 6","8 and up","Extensive use of text - massive conversion needed to be playable","","","",,"","","","","","","","",""
"Nine Men's Morris","3886","4","","0","1","0","0","0","0","0","0","0","","","","","","","23454650","5.38678","5.327","1.8586","10330","967","thing","Nine Men's Morris","2","2","20","20","20","-1400","2 ","2","6 and up","No necessary in-game text","","","",,"","","","","","","","",""
"No Thanks!","12942","7.6","9","0","1","0","0","0","0","0","0","0","","","","","","","24100982","6.9303","7.02976","1.1574","332","12320","thing","No Thanks!","3","5","20","20","20","2004","3, 4, 5 ","4, 5","8 and up","No necessary in-game text","","","",,"","","","","","","","",""
"Nomic","14451","8","1","0","1","0","0","0","0","0","0","0","","","","","","","27663010","5.61118","6.94038","4","4777","46","thing","Nomic","2","100","0","0","0","1982","4, 5, 6, 7, 8, 9, 10, 11, 12, 13, 14, 15 ","6, 7, 9, 11, 12, 13","12 and up","No necessary in-game text","","","",,"","","","","","","","",""
"Once Upon a Time: The Storytelling Card Game","1234","7","2","0","1","0","0","0","0","0","0","0","","","","","","","26269683","6.3828","6.54696","1.415","896","7963","thing","Once Upon a Time: The Storytelling Card Game","2","6","30","30","30","1993","3, 4, 5, 6 ","5, 6","8 and up","Moderate in-game text - needs crib sheet or paste ups","","","",,"","","","","","","","",""
"Othello","2389","5.5","8","0","1","0","0","0","0","0","0","0","","","You haven't won until it's over - unless you have the corners!","","","","23448466","5.94113","6.06369","2.1411","1981","5572","thing","Othello","2","2","30","30","30","1880","2 ","2","8 and up","No necessary in-game text","","","",,"","","","","","","","",""
"Outburst!","4862","2","3","0","0","0","0","0","0","1","0","0","","","Don't buy. Harvest for organs...","","","","19009612","5.6614","5.77157","1.1695","3905","1881","thing","Outburst!","4","20","60","60","60","1992","2, 4, 6, 8, 10 ","6, 8","14 and up","Unplayable in another language","","","",,"","","","","","","","",""
"Pandemic","30549","9.5","18","3","1","0","0","0","0","0","0","0","","","Second edition Pandemic is a big improvement. However, the expansions (especially in the lab) drastically improve this game. Every role card and scenario adds more variation. This really is the co-op among co-ops, and I highly recommend it!","","","","20979481","7.58476","7.66609","2.4175","43","53037","thing","Pandemic","2","4","45","45","45","2007","1, 2, 3, 4 ","4","10 and up","Some necessary text - easily memorized or small crib sheet","","","",,"","","","","","","","",""
"Perigon","93493","7","6","0","1","0","0","0","0","0","0","0","","","It's an ok abstract. The game can suddenly sway, but not randomly at all. Feels very footbally... good game!","","","","23816879","0","6.65","2","0","19","thing","Perigon","2","2","40","40","40","2011","","","8 and up","No necessary in-game text","","","",,"","","","","","","","",""
"Perudo","45","8","21","1","1","0","0","0","0","0","0","0","","","Fast, calculating fun - a great party game","","","","20979345","6.82802","6.95619","1.2708","395","8661","thing","Liar's Dice","2","6","15","15","15","2008","3, 4, 5, 6, more than 6 ","6","8 and up","No necessary in-game text","","","",,"","","","","","","","",""
"The Pillars of the Earth","24480","8","6","4","1","0","0","0","0","0","0","0","","","Brilliant theme! (love the the middle ages... *sigh*)... lovely artwork, nice system. However, doesn't hold up when you realise it's actually not too deep at all.","","","","19004984","7.19881","7.32061","2.8336","175","11764","thing","The Pillars of the Earth","2","4","120","120","120","2006","2, 3, 4 ","4","12 and up","Moderate in-game text - needs crib sheet or paste ups","","","",,"","","","","","","","",""
"Pit","140","7","9","1","1","0","0","0","0","0","0","0","","","Crazy fun trading. THe asynchronosity is no doubt pivotal in game design","","","","19005004","6.30356","6.43011","1.1736","1029","7947","thing","Pit","3","8","90","90","90","1990","4, 5, 6, 7, 8, more than 8 ","6, 7, 8","8 and up","No necessary in-game text","","","",,"","","","","","","","",""
"Pocket Imperium","147299","7","1","0","1","0","0","0","0","0","0","0","","","","","","","24487785","5.5789","6.67404","1.7","5650","133","thing","Pocket Imperium","2","4","45","45","30","2013","2, 3 ","3","10 and up","No necessary in-game text","","","",,"","","","","","","","",""
"Priests of Ra","59753","8","6","3","1","0","0","0","0","0","0","0","","","Fun bidding mechanism, and a welcome simplicity. I think I'm a bit of a sucker for the Egyptian theme here!","","","","23841888","6.29405","6.95797","2.2763","1041","1180","thing","Priests of Ra","2","5","60","60","60","2009","2, 3, 4, 5 ","4","10 and up","No necessary in-game text","","","",,"","","","","","","","",""
"Puerto Rico","3076","5.5","1","0","0","0","0","0","0","0","0","0","","","very dry... mediocre artwork","","","","27020246","8.0565","8.15232","3.2979","6","41924","thing","Puerto Rico","2","5","150","150","90","2002","2, 3, 4, 5 ","4","12 and up","Moderate in-game text - needs crib sheet or paste ups","","","",,"","","","","","","","",""
"Quarriors!","91536","8","4","0","1","0","0","0","0","0","0","0","","","Certainly not a Dominion. More of a King of Tokyo. That taken, it's certainly a fun game!","","","","23847610","6.79257","6.92228","1.9517","420","12105","thing","Quarriors!","2","4","30","30","30","2011","2, 3, 4 ","(Not best with any number)","8 and up","Moderate in-game text - needs crib sheet or paste ups","","","",,"","","","","","","","",""
"Raiding Parties","99286","2","","0","1","0","0","0","0","0","0","0","","","Disappointing. Well, at least you get a deck of cards out of it!","","","","21891511","5.52134","6.855","1.6667","7781","170","thing","Raiding Parties","2","4","30","30","30","2012","2 ","2","","","","","",,"","","","","","","","",""
"The Red Dragon Inn","24310","4","1","0","1","0","0","0","0","0","0","0","","","Supposed to be a gamer's game. But just like the Penny Arcade Deck Building game, this one payed some interesting mechanics, but the rule-book is much too concise, making the game almost unplayable.","","","","19347266","6.38545","6.59468","1.6441","893","4444","thing","The Red Dragon Inn","2","4","45","45","45","2007","3, 4 ","4","12 and up","Extensive use of text - massive conversion needed to be playable","","","",,"","","","","","","","",""
"Red November","36946","7.5","2","2","0","0","0","0","0","0","0","0","","","The small box version is ok, but shuffling chips can be somewhat annoying. That said, this game packs a lot of punch! A fun, crazy, co-operative game","","","","23847631","6.27053","6.38267","2.0588","1086","8100","thing","Red November","3","8","120","120","60","2008","1, 2, 3, 4, 5, 6 ","4","10 and up","Some necessary text - easily memorized or small crib sheet","","","",,"","","","","","","","",""
"The Resistance","41114","9.53","70","2","1","0","0","0","0","0","0","0","","","I have played this game a lot. With the right group, it becomes an overly-deep analysis of people, their reactions, voting patterns. This gives you a lot to work with, even without the in-built expansion.

As of yet, I prefer the base game to the expansion, Avalon, or any other rules twist. Personally, I think Avalon turns the game from the fun of Werewolf social deduction to the dryness of Poker.

I for one highly recommend this game, and look forward to many more plays.","","","","20979531","7.41952","7.53022","1.6096","80","23697","thing","The Resistance","5","10","30","30","30","2009","5, 6, 7, 8, 9, 10 ","7","12 and up","No necessary in-game text","","","",,"","","","","","","","",""
"Risk","181","7","8","4","1","0","0","0","0","0","0","0","","","I actually enjoy this one more than small world. I just love rolling dice!","","","","19009619","5.47722","5.59416","2.1032","9186","23111","thing","Risk","2","6","120","120","120","1959","3, 4, 5, 6 ","4","8 and up","No necessary in-game text","","","",,"","","","","","","","",""
"The Rivals for Catan","66056","7.5","6","0","1","0","0","0","0","0","0","0","","","I want to get into this one more. It has a very intriguing series of thematic decks, and I think works quite well as a two player replacement for Settlers. However, I am not yet used to how slowly one acquires resources via the conventional method (of rolling a dice).","","","","21891474","6.76626","7.16943","2.2921","440","4538","thing","The Rivals for Catan","2","2","45","45","45","2010","2 ","2","10 and up","Moderate in-game text - needs crib sheet or paste ups","","","",,"","","","","","","","",""
"Robot Turtles","147370","8","6","0","1","0","0","0","0","0","0","0","","","I think this is a little over-hyped. My little sisters mastered it very quickly, and we've pretty much solved it.","","","","26269674","5.8552","6.82966","1.4348","2330","998","thing","Robot Turtles","2","5","15","15","15","2013","1, 2, 3, 4, 5 ","4","3 to 12","No necessary in-game text","","","",,"","","","","","","","",""
"Roll Through the Ages: The Bronze Age","37380","8.5","12","2","1","0","0","0","0","0","0","0","","","Asked for Through the Ages. Got this. Didn't open it for years. When I did, I didn't really get it. But watching Tom Vasel's review made me take another look, and now it's certainly my favorite solitaire game!","","","","20901846","6.85822","6.96279","1.7728","375","9552","thing","Roll Through the Ages: The Bronze Age","1","4","30","30","30","2008","1, 2, 3, 4 ","2","8 and up","Moderate in-game text - needs crib sheet or paste ups","","","",,"","","","","","","","",""
"Rummy","15878","4","5","0","1","0","0","0","0","0","0","0","","","My go-to game if I only have a deck of cards, and less than 4 players. Otherwise I'd go for Whist.","","","","24292544","5.58848","5.71379","1.4021","5366","632","thing","Rummy","2","6","60","60","60","1887","2, 3, 4, 5, 6 ","4","8 and up","No necessary in-game text","","","",,"","","","","","","","",""
"Scoop","2974","4","1","0","0","0","0","0","0","0","0","0","","","Lovely old game... very nice aesthetic!","","","","26947130","5.48737","5.46647","1.4","8938","170","thing","Scoop","2","4","45","45","45","1953","2, 3, 4, more than 4 ","(Not best with any number)","","","","","",,"","","","","","","","",""
"Scotland Yard","438","7.6","6","3","1","0","0","0","0","0","0","0","","","Big Box, but I guess it's an old game. I really love the open deduction when I'm not the spy, and have rarely got a chance to try my hand at the more deceptive side of things!","","","","19004990","6.42214","6.52435","1.9622","839","11765","thing","Scotland Yard","3","6","45","45","45","2004","2, 3, 4, 5, 6 ","(Not best with any number)","8 and up","No necessary in-game text","","","",,"","","","","","","","",""
"Scrabble","320","7","2","0","1","0","0","0","0","0","0","0","","","I must admit I was surprised with the strategic depth when I finally got around to playing it :)","","","","23454794","6.27825","6.37525","2.1708","1075","23451","thing","Scrabble","2","4","90","90","90","1955","2, 3, 4 ","2","10 and up","Unplayable in another language","","","",,"","","","","","","","",""
"Seasons","108745","0","","0","0","0","0","0","0","0","0","1","4","","","","","","27363374","7.33475","7.49552","2.7415","113","10690","thing","Seasons","2","4","60","60","60","2012","2, 3 ","2","12 and up","Extensive use of text - massive conversion needed to be playable","","","",,"","","","","","","","",""
"A Shepherd and his Dog","18142","1","1","0","1","0","0","0","0","0","0","0","","","I low-quality abstract with a pasted-on theme...","","","","21946903","0","4.54545","1","0","21","thing","A Shepherd and his Dog","2","2","15","15","15","1983","","","","","","","",,"","","","","","","","",""
"Shogi","2065","7.5","3","0","0","0","0","0","0","0","0","0","","","Better than chess, but that's it. Go is still a much better game.","","","","23847476","6.49158","7.27593","3.7807","740","1581","thing","Shogi","2","2","60","60","60","1000","2 ","2","8 and up","No necessary in-game text","","","",,"","","","","","","","","U"
"Shut the Box","9851","4","3","0","0","0","0","0","0","0","0","0","","","","","","","23853231","5.20058","4.93808","1.0857","10619","1078","thing","Shut the Box","2","4","30","30","30","1750","1, 2, 3, 4, more than 4 ","(Not best with any number)","5 and up","No necessary in-game text","","","",,"","","","","","","","",""
"Small World","40692","8.5","8","3","1","0","0","0","0","0","0","0","","","I fear this game is beginning to fall a little flat for me. Don't get me wrong, I love asymmetrical armies (Smash Up is a favourite), but I just can't seem to ""get"" this game.

Maybe 5 more plays, and this game will start to sing. It's probably a really good game, I just don't get it!","","","","20970527","7.35916","7.43635","2.3716","99","36634","thing","Small World","2","5","80","80","80","2009","2, 3, 4, 5 ","4","8 and up","No necessary in-game text","","","",,"","","","","","","","",""
"Smash Up","122522","9.01","15","2","1","0","0","0","0","0","0","0","","","At it's core, this is a light, fun, card game. The base set comes with 8 factions, and no VP chips, which is a bit cheap to be honest.

However, with an expansion to fill it out, this game offers a lot of replayability, and with the right (speed) people is simply fun.","","","","26269661","6.83572","7.00574","2.0359","390","13309","thing","Smash Up","2","4","45","45","45","2012","2, 3, 4 ","3, 4","10 and up","Extensive use of text - massive conversion needed to be playable","","","",,"","","","","","","","",""
"Smash Up: Science Fiction Double Feature","151004","0","","0","0","0","0","0","0","0","0","1","3","","","","","","27359912","6.83696","7.68197","2.2857","389","3827","thing","Smash Up: Science Fiction Double Feature","2","4","60","60","60","2014","2, 3, 4 ","3, 4","10 and up","Extensive use of text - massive conversion needed to be playable","","","",,"","","","","","","","",""
"Snake Oil","113289","7.5","4","0","0","0","0","0","0","0","0","0","","","","","","","24659246","6.18938","6.89187","1.2439","1269","1231","thing","Snake Oil","3","10","30","30","30","2010","4, 5, 6, 7, 8, 9, 10 ","5, 6","10 and up","Unplayable in another language","","","",,"","","","","","","","",""
"Snakes and Ladders","5432","1","3","0","1","0","0","0","0","0","0","0","","","I can't deny that this game can be fun, especially when played with small children. However, that's where it ends!","","","","23454679","3.40852","2.78759","1.0089","10716","1916","thing","Snakes and Ladders","2","6","30","30","30","-200","2, 3, 4, 5, 6 ","4","3 to 8","No necessary in-game text","","","",,"","","","","","","","",""
"Solitaire","13713","4","2","0","1","0","0","0","0","0","0","0","","","","","","","23853170","4.83611","4.1471","1.5696","10687","683","thing","Solitaire","1","1","15","15","15","1697","1 ","1","","No necessary in-game text","","","",,"","","","","","","","",""
"Splendor","148228","8.9","22","2","1","0","0","0","0","0","0","0","","","Yeah, you're right: It's not exactly deep, and there's a lot more tactics than strategy. There is a significant amount of luck (despite first appearances). So, really this game should be that good. But we just keep playing it. It's been coming out to play again and again. It's just fun!

In my opinion, this game is the new ticket to ride, in terms of a good solid gateway game that everybody will enjoy.","","","","26269648","7.44196","7.62226","1.8292","75","12008","thing","Splendor","2","4","30","30","30","2014","2, 3, 4 ","3","8 and up","No necessary in-game text","","","",,"","","","","","","","",""
"Spyfall","166384","0","","0","0","0","0","0","0","0","0","1","1","","","","","","26316044","6.28732","7.33165","1.2308","1055","314","thing","Spyfall","3","8","15","15","15","2014","4, 5, 6, 7, 8 ","6, 7","12 and up","Some necessary text - easily memorized or small crib sheet","","","",,"","","","","","","","",""
"Star Wars: X-Wing Miniatures Game","103885","8","5","0","1","1","0","0","0","0","0","0","","","","","","","23869477","7.73524","7.96018","2.4377","21","17635","thing","Star Wars: X-Wing Miniatures Game","2","4","60","60","60","2012","2, 3, 4 ","2","10 and up","Moderate in-game text - needs crib sheet or paste ups","","","",,"","","","","","","","","U"
"Stone Age","34635","8.01","1","0","0","0","0","0","0","0","0","0","","","A fun, open, worker placement game. Lucky, yes, but it really flows, and I think the luck can be controlled by a skilled player.","","","","27359868","7.56341","7.65285","2.5167","48","22037","thing","Stone Age","2","4","60","60","60","2008","2, 3, 4 ","4","10 and up","No necessary in-game text","","","",,"","","","","","","","",""
"Stratego","1917","5","3","0","0","0","0","0","0","0","0","0","","","","","","","23448419","5.91446","6.01044","1.8732","2076","11833","thing","Stratego","2","2","45","45","45","1947","2 ","2","8 and up","No necessary in-game text","","","",,"","","","","","","","",""
"Terra Mystica","120677","8.4","4","4","0","0","0","0","0","0","0","0","","","Big, Heavy, and thinky. Just my cup of tea (at the right time of night)","","","","23174590","8.11209","8.27466","3.8736","2","13837","thing","Terra Mystica","2","5","100","100","100","2012","2, 3, 4, 5 ","4","12 and up","No necessary in-game text","","","",,"","","","","","","","","U"
"Texas Hold'em","1115","6","16","0","1","0","0","0","0","0","0","0","","","Texas Hold'em boils poker down to it's core: betting and bluffing. This really brings out the brilliance of the game!","","","","23448446","6.54206","6.70189","2.4807","667","4584","thing","Poker","2","10","60","60","60","1810","3, 4, 5, 6, 7, 8, 9 ","5, 6","14 and up","No necessary in-game text","","","",,"","","","","","","","",""
"Ticket to Ride","9209","8.01","1","0","0","0","0","0","0","0","0","0","","","Despite my English aversion to all things ""American"" (in the steriotypical patrtiotic way), I find the USA version a bit more elegant than Ticket to Ride: Europe.","","","","23448354","7.42128","7.51008","1.8885","79","40192","thing","Ticket to Ride","2","5","45","45","45","2004","2, 3, 4, 5 ","4","8 and up","No necessary in-game text","","","",,"","","","","","","","",""
"Ticket to Ride: Europe","14996","7.5","11","3","1","0","0","0","0","0","0","0","","","I am dying to play this game with more aggressive players, as I find it a little too casual. Perhaps a more aggressive map...","","","","19005007","7.4917","7.59699","1.9685","59","27422","thing","Ticket to Ride: Europe","2","5","60","60","60","2005","2, 3, 4, 5 ","4","8 and up","No necessary in-game text","","","",,"","","","","","","","",""
"Tikal","54","7","2","0","0","0","0","0","0","0","0","0","","","","","","","23847477","7.23635","7.35618","2.8457","148","13125","thing","Tikal","2","4","120","120","120","1999","2, 3, 4 ","4","10 and up","No necessary in-game text","","","",,"","","","","","","","",""
"Timeline: Inventions","85256","7","4","0","1","0","0","0","0","0","0","0","","","It's ok, better than most educational games!","","","","24135765","6.57751","6.82895","1.125","622","4685","thing","Timeline: Inventions","2","8","15","15","15","2010","2, 3, 4, 5, 6, 7, 8 ","4","8 and up","Moderate in-game text - needs crib sheet or paste ups","","","",,"","","","","","","","",""
"Toboggans of Doom","36229","2","1","0","1","0","0","0","0","0","0","0","","","Comes with two sets of dice... that might make up for your loss!","","","","23861882","5.38982","4.74135","1.125","10317","198","thing","Toboggans of Doom","2","4","30","30","30","2008","(Not recommended with any number)","(Not best with any number)","8 and up","Moderate in-game text - needs crib sheet or paste ups","","","",,"","","","","","","","",""
"Tombs: The Sword of Valhalla","149732","8","3","0","1","0","0","0","0","0","0","0","","","Fast and fun, just like Grunts. Very nice artwork. Nice dice-rolling and quick. Well made. I like it!","","","","24543474","0","5.375","1","0","17","thing","Tombs: The Sword of Valhalla","1","1","15","15","15","2013","","","","","","","",,"","","","","","","","",""
"Torres","88","7.5","2","0","0","0","0","0","0","0","0","0","","","I really want to explore the strategy of this game more deeply... abstract but with nice component quality!","","","","23448433","7.02046","7.19839","2.8772","266","7375","thing","Torres","2","4","60","60","60","1999","2, 3, 4 ","4","10 and up","No necessary in-game text","","","",,"","","","","","","","",""
"Trivial Pursuit: DVD – The Lord Of The Rings Trilogy Edition","15548","5","3","0","1","0","0","0","0","0","0","0","","","The best version of Triviail Pursuit... in my Opinion","","","","23454767","5.58424","5.96677","1.5714","5478","403","thing","Trivial Pursuit: DVD – The Lord Of The Rings Trilogy Edition","2","4","90","90","90","2004","2, 3, 4 ","2, 3","","","","","",,"","","","","","","","",""
"Tsuro","16992","7","13","0","1","0","0","0","0","0","0","0","","gateway and filler
","Beautiful, useful (filler), and expensive game.","","","","24032578","6.57341","6.67838","1.2733","628","12330","thing","Tsuro","2","8","15","15","15","2004","2, 3, 4, 5, 6, 7, 8 ","4, 6","6 and up","No necessary in-game text","","","",,"","","","","","","","",""
"Twilight Struggle","12333","7.5","3","0","1","1","0","0","0","0","0","0","","","Tried it twice. Cannot but see the potential. I am still rather confused how a two player game made the number one though...","","","","21193218","8.2233","8.33547","3.4649","1","24758","thing","Twilight Struggle","2","2","180","180","180","2005","2 ","2","14 and up","Extensive use of text - massive conversion needed to be playable","","","",,"","","","","","","","",""
"Twister","5894","2","10","0","1","0","0","0","0","0","0","0","","","Was fun once, but really it's an awkward dexterity game, if it can even be called that. An ice breaker that will probably only be played by people who you don't want to defrost ;)","","","","24056194","4.76973","4.5977","1.0957","10691","2735","thing","Twister","2","4","10","10","10","1966","2, 3, 4 ","4","6 to 18","No necessary in-game text","","","",,"","","","","","","","",""
"Two Rooms and a Boom","134352","8.5","14","0","1","0","0","0","0","0","0","0","","","I need to get more plays of this really. I know it might be tempted, but do not play this with less than 11 players, the gameplay becomes much much less enjoyable. however, I think with a nice amount of players, it can be a lot of fun!","","","","27166685","6.3263","7.23606","1.4222","988","594","thing","Two Rooms and a Boom","6","30","15","15","15","2013","8, 9, 10, 11, 12, 13, 14, 15, 16, 17, 18, 19, 20, 21, 22, 23, 24, 25, 26, 27, 28, 29, 30, more than 30 ","10, 14, 16, 18, 20, 21, 22","12 and up","Some necessary text - easily memorized or small crib sheet","","","",,"","","","","","","","",""
"Tzolk'in: The Mayan Calendar","126163","8.41","1","0","0","0","0","0","0","0","0","0","","","Cogs... complex... but very elegant. My thoughts on the game are slowly ""fermenting"", and I can see the beauty of this one over games like Terra Mysitica. It's nice and deep, but elegant... and I'm a sucker for Ancient Cultures!","","","","27015992","7.82912","7.99337","3.5407","16","12244","thing","Tzolk'in: The Mayan Calendar","2","4","90","90","90","2012","2, 3, 4 ","4","12 and up","No necessary in-game text","","","",,"","","","","","","","",""
"UNO","2223","2","9","0","1","0","0","0","0","0","0","0","","","Better than snap...","","","","21891521","5.27844","5.32572","1.1439","10563","14193","thing","UNO","2","10","30","30","30","1971","2, 3, 4, 5, 6, 7, 8 ","4, 5, 6","6 and up","No necessary in-game text","","","",,"","","","","","","","",""
"UR","2827","5","7","0","1","0","0","0","0","0","0","0","","","It's like backgammon, but with a little more theme and colour. My favorite backgammon variant!","","","","21002934","0","5.88889","2","0","35","thing","Seneti","2","2","45","45","45","1994","","","","","","","",,"","","","","","","","",""
"Viaje por España: Senior","35370","0","","0","1","0","0","0","0","0","0","0","","","","","","","23454800","0","5.46667","0","0","5","thing","Viaje por España: Senior","2","6","30","30","30","1988","2, 3, 4 ","3","10","Some necessary text - easily memorized or small crib sheet","","","",,"","","","","","","","",""
"VivaJava: The Coffee Game: The Dice Game","139899","0","","0","0","0","0","0","0","0","0","1","2","","","","","","26353343","6.16542","7.20748","1.8","1322","950","thing","VivaJava: The Coffee Game: The Dice Game","1","4","40","40","20","2014","1, 2, 3, 4 ","3","8 and up","Some necessary text - easily memorized or small crib sheet","","","",,"","","","","","","","",""
"War","16398","4","4","0","1","0","0","0","0","0","0","0","","","I must admit that it has a certain charm
","","","","27563815","3.59029","2.17738","1","10714","267","thing","War","2","2","30","30","30","0","2 ","2","4 to 10","No necessary in-game text","","","",,"","","","","","","","",""
"Whist","13337","7","3","0","1","0","0","0","0","0","0","0","","","Play this game 10 times, then, when you feel you've got a whiff of the strategy and the fluff gives way to a deeper semi-flaw, then move onto Hearts, Spades, or, if you feel bold: Bridge!","","","","24332504","5.7831","6.43462","2.037","2745","195","thing","Whist","2","4","60","60","60","1663","4 ","4","10 and up","No necessary in-game text","","","",,"","","","","","","","",""
"Who Wants to Be a Millionaire","4077","2","1","0","1","0","0","0","0","0","0","0","","","your typical shoddy time-biased trivia game.","","","","23454807","5.1039","4.65286","1.4386","10647","791","thing","Who Wants to Be a Millionaire","2","5","60","60","60","2000","3, 4, 5 ","5","12 and up","Unplayable in another language","","","",,"","","","","","","","",""
"Wish You Were Here...?","18120","0","","0","1","0","0","0","0","0","0","0","","","","","","","23454773","0","5","0","0","6","thing","Wish You Were Here...?","2","6","0","0","0","0","","","","","","","",,"","","","","","","","",""
"Xiangqi","2393","4","2","0","0","0","0","0","0","0","0","0","","","Sick of stale-mates, and I find the opening hard to be creative with...","","","","24229710","6.55399","7.18273","3.5828","652","1923","thing","Xiangqi","2","2","60","60","60","762","2 ","2","6 and up","No necessary in-game text","","","",,"","","","","","","","",""
"Yahtzee","2243","4","4","0","1","0","0","0","0","0","0","0","","","","","","","23450097","5.19388","5.21798","1.2074","10622","8872","thing","Yahtzee","2","10","30","30","30","1956","1, 2, 3, 4, 5, 6 ","3, 4","6 and up","No necessary in-game text","","","",,"","","","","","","","",""
"Yu-Gi-Oh! Trading Card Game","4154","7","1","0","0","0","0","0","0","0","0","0","","","meh... this is just low quality. Hard to read, badly written rules. Sure it's an ok game, but it feels old and clunky.","","","","27043509","5.53329","5.72721","2.2714","7275","732","thing","Yu-Gi-Oh! Trading Card Game","2","2","20","20","20","1996","2 ","2","8 and up","Moderate in-game text - needs crib sheet or paste ups","","","",,"","","","","","","","",""
"Zooloretto","27588","7","6","0","1","0","0","0","0","0","0","0","","","A Pleasant surprise that both children and adults can strategize about!","","","","21891516","6.79617","6.90493","1.8703","416","11715","thing","Zooloretto","2","5","45","45","45","2007","3, 4, 5 ","4","6 and up","No necessary in-game text","","","",,"","","","","","","","",""
